{
  "train_months": [
    "2009-12",
    "2010-01",
    "2010-02",
    "2010-03",
    "2010-04",
    "2010-05",
    "2010-06",
    "2010-07",
    "2010-08",
    "2010-09",
    "2010-10",
    "2010-11",
    "2010-12",
    "2011-01",
    "2011-02",
    "2011-03",
    "2011-04"
  ],
  "val_months": [
    "2011-05",
    "2011-06",
    "2011-07"
  ],
  "test_months": [
    "2011-08",
    "2011-09",
    "2011-10"
  ],
  "train_instances": 55223,
  "val_instances": 15109,
  "test_instances": 16329,
  "train_positive_rate": 0.23224018977599914,
  "val_positive_rate": 0.16897213581309153,
  "test_positive_rate": 0.22156898769061179
}