Strategy,Raw feature,TOPSIS score,TOPSIS rank,TOPSIS normalized,EDAS score,EDAS rank,EDAS normalized,MABAC score,MABAC rank,MABAC normalized,Aggregate score,Aggregate rank
Schedule seasonal merchandising and promotion windows,Month,0.9510612947459468,1,1.0,0.9961111709848804,1,1.0,0.5200023934495569,1,1.0,1.0,1
Reduce exit friction in product and checkout journeys,ExitRates,0.7277410298750838,2,0.7360985284703583,0.7195576393712233,2,0.71492663476948,0.18977215981444756,2,0.5401317233987313,0.6637189622128565,2
Trigger product-page assistance for long comparison sessions,ProductRelated_Duration,0.5859042053085795,3,0.5684874666536579,0.5471786756921301,3,0.5372371618337386,-0.04601078130458611,5,0.21178778713698332,0.4391708052081266,3
Improve first-screen relevance and loading quality,BounceRates,0.43779005538645394,4,0.39345837943036616,0.4852750832270906,4,0.4734264944345594,0.03810633825154741,4,0.3289266522770083,0.39860384204731125,4
Personalize journeys by visitor recency type,VisitorType,0.23635508731689311,5,0.1554191467533713,0.2984754983023187,5,0.2808721416210107,0.05522449580041036,3,0.35276486213420427,0.26301871683619543,5
Personalize product discovery depth and recommendations,ProductRelated,0.23115882409935154,6,0.1492786314250488,0.23470545579981977,6,0.21513752412758178,-0.12571086271442525,6,0.10079995092504526,0.15507203549255863,6
Streamline account and administrative navigation,Administrative_Duration,0.16446711003856415,7,0.07046786389504756,0.11861655485379785,7,0.09547225185462892,-0.1980950497481551,8,0.0,0.05531337191655883,7
Reweight acquisition channels by conversion quality,TrafficType,0.10483537726075598,8,0.0,0.025997630598437647,8,0.0,-0.15772487927771603,7,0.0562182345207488,0.018739411506916267,8
