Strategy,Raw feature,TOPSIS score,TOPSIS rank,TOPSIS normalized,EDAS score,EDAS rank,EDAS normalized,MABAC score,MABAC rank,MABAC normalized,Aggregate score,Aggregate rank
Prioritize high-value landing-page optimization,PageValues,0.9562260946298673,1,1.0,1.0,1,1.0,0.563535535866999,1,1.0,1.0,1
Schedule seasonal merchandising and promotion windows,Month,0.5499780618396123,2,0.5579707824556439,0.7298143255658585,2,0.7284197023699628,0.37637483961024076,2,0.7681186310702602,0.684836371965289,2
Reduce exit friction in product and checkout journeys,ExitRates,0.13987433579899866,3,0.11174627303789439,0.30659528607561387,3,0.30301612407819245,-0.033015725113061584,4,0.2609072000723337,0.22522319906280686,3
Personalize journeys by visitor recency type,VisitorType,0.10049104938414405,4,0.0688942174630888,0.15679663730543208,4,0.1524442564068744,0.055344240236350234,3,0.37038012966486905,0.19723953451161078,4
Improve first-screen relevance and loading quality,BounceRates,0.052436437252698864,6,0.016607090177903395,0.06935385077466984,5,0.06455011456771187,-0.09563349984673858,5,0.18332736832892196,0.08816152435817907,5
Personalize product discovery depth and recommendations,ProductRelated,0.06064465555679003,5,0.025538265276698148,0.04341329165768002,6,0.03847565750985297,-0.14339087105940795,6,0.12415872429862039,0.06272421569505716,6
Streamline account and administrative navigation,Administrative_Duration,0.037173650433710764,8,0.0,0.030467995284516786,7,0.025463541122499236,-0.18467922134175543,7,0.0730048262003404,0.032822789107613215,7
Trigger product-page assistance for long comparison sessions,ProductRelated_Duration,0.05137113671717696,7,0.015447960965800967,0.005135214918261578,8,0.0,-0.24360432673001725,8,0.0,0.005149320321933656,8
