Feature set,Months,F1 mean,F1 std,ROC-AUC mean,ROC-AUC std,PR-AUC mean,PR-AUC std,Brier mean
Full feature,10,0.6042600191002896,0.10340285503601597,0.9033227322736274,0.06336247966820385,0.7101735349577087,0.09253796481805354,0.07234658049419522
PageValues-free,10,0.00026281208935611036,0.0008310847989930038,0.7236815224328462,0.08749209582832874,0.27383042929667123,0.0798712926773367,0.1148730719462037
